<?xml version="1.0" encoding="UTF-8"?>
<configuration>
	
	<appender name="CONSOLE" class="ch.qos.logback.core.ConsoleAppender">
		<layout class="ch.qos.logback.classic.PatternLayout">
			<Pattern>[%p] [%thread] %logger - %msg%n</Pattern>
		</layout>
	</appender>
	
	<appender name="FILE" class="ch.qos.logback.core.FileAppender">
		<File>${catalina.home}/logs/gal.log</File>
		<Append>true</Append>
		<Encoding>UTF-8</Encoding>
		<BufferedIO>false</BufferedIO>
		<ImmediateFlush>true</ImmediateFlush>
		<layout class="ch.qos.logback.classic.PatternLayout">
			<Pattern>
				%date [%thread] %-5level %logger{35} - %msg%n
			</Pattern>
		</layout>
	</appender>

	<root level="DEBUG">
		<appender-ref ref="CONSOLE" />
		<appender-ref ref="FILE" />
	</root>

</configuration>
