<?xml version="1.0" encoding="UTF-8"?>
<services-config>

	<services>
		<default-channels>
			<channel ref="gal-amf"/>
		</default-channels>
	</services>

	<channels>

		<!-- RPC channel - separate channel will be used for messaging -->
		<channel-definition id="gal-amf" class="mx.messaging.channels.AMFChannel">
			<endpoint
				url="http://{server.name}:{server.port}/{context.root}/messagebroker/amf"
				class="flex.messaging.endpoints.AMFEndpoint">
			</endpoint>
		</channel-definition>

		<!-- You need to secure the messaging channel in order for only authenticated clients
			 to access the messaging service and to be able to register their consumers! -->

	</channels>

	<logging>
		<target class="gal.logging.BlazeSlf4jTarget" level="Debug">
			<properties>
				<prefix>[BlazeDS]</prefix>
				<includeDate>true</includeDate>
				<includeTime>true</includeTime>
				<includeLevel>true</includeLevel>
				<includeCategory>true</includeCategory>
			</properties>
		</target>
	</logging>

	<system>
		<redeploy>
			<enabled>true</enabled>
			<watch-interval>20</watch-interval>
			<watch-file>{context.root}/WEB-INF/flex/services-config.xml</watch-file>
			<touch-file>{context.root}/WEB-INF/web.xml</touch-file>
		</redeploy>
	</system>

</services-config>
